title,price,date
Funny Got Data MIS Data Systems Business Analyst T-Shirt,16.99,2024-08-03
Funny Got Data MIS Data Systems Business Analyst T-Shirt,16.99,2024-08-03
Funny Got Data MIS Data Systems Business Analyst T-Shirt,16.99,2024-08-03
Funny Got Data MIS Data Systems Business Analyst T-Shirt,16.99,2024-08-03
Funny Got Data MIS Data Systems Business Analyst T-Shirt,16.99,2024-08-03
Funny Got Data MIS Data Systems Business Analyst T-Shirt,16.99,2024-08-03
Funny Got Data MIS Data Systems Business Analyst T-Shirt,16.99,2024-08-03






